{
    "overall_stats": {
        "Population below age 15 years (%)": {
            "overall_mean": 26.338470254957507,
            "overall_std": 5.149684469832136
        },
        "Sex ratio at birth for children born in the last five years (females per 1,000 males)": {
            "overall_mean": 944.2172804532578,
            "overall_std": 118.38810612808022
        },
        "Female population age 6 years and above who ever attended school (%)": {
            "overall_mean": 71.52747875354108,
            "overall_std": 10.25043139117675
        },
        "Women age 20-24 years married before age 18 years (%)": {
            "overall_mean": 20.42167138810198,
            "overall_std": 12.357535297175527
        },
        "Current Use of Family Planning Methods (Currently Married Women Age 15-49  years) - Any modern method6 (%)": {
            "overall_mean": 54.8415014164306,
            "overall_std": 13.470455594105344
        },
        "Mothers who had at least 4 antenatal care visits  (for last birth in the 5 years before the survey) (%)": {
            "overall_mean": 60.51388101983002,
            "overall_std": 20.109346846431364
        },
        "Institutional births (in the 5 years before the survey) (%)": {
            "overall_mean": 88.74079320113314,
            "overall_std": 11.667072545471166
        },
        "Children age 12-23 months fully vaccinated based on information from either vaccination card or mother's recall11 (%)": {
            "overall_mean": 77.73866855524079,
            "overall_std": 11.805209196883686
        },
        "Children under 5 years who are stunted (height-for-age)18 (%)": {
            "overall_mean": 33.47461756373938,
            "overall_std": 8.339304777964179
        },
        "Women (age 15-49 years) whose Body Mass Index (BMI) is below normal (BMI <18.5 kg/m2)21 (%)": {
            "overall_mean": 17.869405099150143,
            "overall_std": 7.3501942416695245
        },
        "All women age 15-49 years who are anaemic22 (%)": {
            "overall_mean": 55.89240793201133,
            "overall_std": 11.72206039948788
        },
        "Population living in households that use an improved sanitation facility2 (%)": {
            "overall_mean": 71.95920679886684,
            "overall_std": 14.1986675908606
        },
        "Households using clean fuel for cooking3 (%)": {
            "overall_mean": 54.13558073654391,
            "overall_std": 24.1468495224708
        },
        "Men age 15 years and above who use any kind of tobacco (%)": {
            "overall_mean": 40.58736543909348,
            "overall_std": 13.981976092834344
        },
        "Households with any usual member covered under a health insurance/financing scheme (%)": {
            "overall_mean": 40.23118980169972,
            "overall_std": 22.974313655560334
        },
        "Average out-of-pocket expenditure per delivery in a public health facility (for last birth in the 5 years before the survey) (Rs.)": {
            "overall_mean": 3498.3033994334282,
            "overall_std": 2367.9715227681513
        }
    },
    "cluster_profiles": {
        "0": {
            "size": 288,
            "metrics": {
                "Population below age 15 years (%)": {
                    "mean": 30.137777777777778,
                    "std": 4.341036292156292,
                    "diff_from_overall": 3.7993075228202713,
                    "z_diff": 0.7377748180645556
                },
                "Sex ratio at birth for children born in the last five years (females per 1,000 males)": {
                    "mean": 936.4880208333333,
                    "std": 101.3293765284145,
                    "diff_from_overall": -7.729259619924505,
                    "z_diff": -0.06528746740455897
                },
                "Female population age 6 years and above who ever attended school (%)": {
                    "mean": 65.24743055555557,
                    "std": 7.784208373056355,
                    "diff_from_overall": -6.280048197985508,
                    "z_diff": -0.6126618440069923
                },
                "Women age 20-24 years married before age 18 years (%)": {
                    "mean": 28.76909722222222,
                    "std": 11.641777910198062,
                    "diff_from_overall": 8.34742583412024,
                    "z_diff": 0.6754927769478556
                },
                "Current Use of Family Planning Methods (Currently Married Women Age 15-49  years) - Any modern method6 (%)": {
                    "mean": 50.63229166666666,
                    "std": 10.975892126400627,
                    "diff_from_overall": -4.209209749763943,
                    "z_diff": -0.31247716310396273
                },
                "Mothers who had at least 4 antenatal care visits  (for last birth in the 5 years before the survey) (%)": {
                    "mean": 49.583958333333335,
                    "std": 17.383093140581924,
                    "diff_from_overall": -10.929922686496688,
                    "z_diff": -0.5435244998241368
                },
                "Institutional births (in the 5 years before the survey) (%)": {
                    "mean": 84.69479166666666,
                    "std": 8.954624715151304,
                    "diff_from_overall": -4.046001534466484,
                    "z_diff": -0.34678806690346925
                },
                "Children age 12-23 months fully vaccinated based on information from either vaccination card or mother's recall11 (%)": {
                    "mean": 73.97626736111111,
                    "std": 10.65664439350693,
                    "diff_from_overall": -3.76240119412968,
                    "z_diff": -0.3187068633330844
                },
                "Children under 5 years who are stunted (height-for-age)18 (%)": {
                    "mean": 39.50345486111111,
                    "std": 6.691333553908571,
                    "diff_from_overall": 6.02883729737173,
                    "z_diff": 0.7229424343984118
                },
                "Women (age 15-49 years) whose Body Mass Index (BMI) is below normal (BMI <18.5 kg/m2)21 (%)": {
                    "mean": 23.36793402777778,
                    "std": 5.255276772664308,
                    "diff_from_overall": 5.4985289286276355,
                    "z_diff": 0.7480794041408487
                },
                "All women age 15-49 years who are anaemic22 (%)": {
                    "mean": 60.43333333333333,
                    "std": 9.461777131217804,
                    "diff_from_overall": 4.540925401321999,
                    "z_diff": 0.38738287012412814
                },
                "Population living in households that use an improved sanitation facility2 (%)": {
                    "mean": 60.62458333333333,
                    "std": 11.506262459372815,
                    "diff_from_overall": -11.334623465533518,
                    "z_diff": -0.7982878247554291
                },
                "Households using clean fuel for cooking3 (%)": {
                    "mean": 36.9825,
                    "std": 14.44865066099063,
                    "diff_from_overall": -17.153080736543906,
                    "z_diff": -0.7103651646390322
                },
                "Men age 15 years and above who use any kind of tobacco (%)": {
                    "mean": 47.83506944444444,
                    "std": 8.180612714546788,
                    "diff_from_overall": 7.247704005350961,
                    "z_diff": 0.5183604919096775
                },
                "Households with any usual member covered under a health insurance/financing scheme (%)": {
                    "mean": 38.189166666666665,
                    "std": 24.581942991845775,
                    "diff_from_overall": -2.0420231350330553,
                    "z_diff": -0.08888287875093222
                },